This,Is Inside This
Sahel,Africa
Israel & Palestine,Middle East
Sudan & South Sudan,Africa
Afghanistan,Asia
Angola,Africa
Burkina Faso,Sahel
Burundi,Africa
CAR,Africa
Chad,Sahel
Colombia,South America
Djibouti,Africa
DRC,Africa
Eritrea,Africa
Ethiopia,Africa
Georgia,Asia
Great Lakes Region,Africa
Guinea-Bissau,Africa
Gulf of Guinea,Africa
Haiti,Central America
Iran,Middle East
Iraq,Middle East
Israel,Israel & Palestine
Ivory Coast,Africa
Kosovo,Europe
Kuwait,Middle East
Lebanon,Middle East
Liberia,Africa
Libya,Africa
Mali,Sahel
Mauritania,Sahel
Niger,Sahel
North Korea,Asia
Palestine,Israel & Palestine
Republic of Yugoslavia,Europe
Rwanda,Africa
Sierra Leone,Africa
Somalia,Africa
South Sudan,Sudan & South Sudan
Sudan,Sudan & South Sudan
Syria,Middle East
USA,North America
Yemen,Middle East
Yugoslav Republic of Macedoni,Europe
